class_id,class_name,confidence,box
0,Potholes,0.8018906116485596,"[114.0, 107.0, 255.0, 205.0]"
0,Potholes,0.5800122022628784,"[360.0, 181.0, 609.0, 344.0]"
