class_id,class_name,confidence,box
0,Potholes,0.8473711013793945,"[371.0, 382.0, 514.0, 452.0]"
0,Potholes,0.5721588134765625,"[145.0, 284.0, 243.0, 321.0]"
