class_id,class_name,confidence,box
0,Potholes,0.7142001390457153,"[373.0, 387.0, 513.0, 451.0]"
0,Potholes,0.4390420615673065,"[4.0, 21.0, 439.0, 219.0]"
